NM_VOTAVEL,VR_RECEITA,DS_CARGO,QT_VOTOS,SG_PARTIDO
VANDERLAN VIEIRA CARDOSO,2751000,PREFEITO,398775,PSD
LUIZ ALBERTO MAGUITO VILELA,1569881.08,PREFEITO,494691,MDB
DIEGO VAZ SORGATTO,1360460,PREFEITO,48061,DEM
TALLES ALVES BARRETO,1196260,PREFEITO,5689,PSDB
ADIB ELIAS JUNIOR,1124780,PREFEITO,28984,PODE
GUSTAVO MENDANHA MELO,1114413.97,PREFEITO,197491,MDB
RUBENS AUGUSTO NADER,1003232.2,PREFEITO,14036,PSL
ADRIANA SAUTHIER ACCORSI,1000248.7,PREFEITO,80715,PT
ROBERTO NAVES E SIQUEIRA,942029.1,PREFEITO,183488,PP
ANTONIO ROBERTO OTONI GOMIDE,928429.2500000001,PREFEITO,114889,PT
ELIAS VAZ DE ANDRADE,913899,PREFEITO,24626,PSB
LÊDA BORGES DE MOURA,846076.6,PREFEITO,20559,PSDB
EDNA APARECIDA ALVES DOS SANTOS,800886,PREFEITO,15142,PODE
FLÁVIO DE PAULA CANEDO,799833,PREFEITO,6721,PL
SAMUEL GUILSIMAR ALMEIDA,766978,PREFEITO,7383,PROS
GEORGE MORAIS FERREIRA,749039.5,PREFEITO,14942,PDT
JOSÉ ANTÔNIO DA SILVA NETTO,731512.0800000001,PREFEITO,8054,REPUBLICANOS
PEDRO ANTONIO DE OLIVEIRA GONÇALVES,712545,PREFEITO,16803,MDB
JOAO ANTONIO FERREIRA,707912.44,PREFEITO,16768,PSD
SÔNIA CHAVES DE FREITAS CARVALHO NASCIMENTO,703608.22,PREFEITO,10988,PSDB
PÁBIO CORREIA LOPES,701450,PREFEITO,29241,MDB
CRISTIOMARIO DE SOUSA MEDEIROS,686452.54,PREFEITO,13364,PSL
DANIEL SABINO VAZ,685967.37,PREFEITO,9902,DEM
LEONARDO SILVA MENEZES,653860.09,PREFEITO,17646,DEM
CARLOS EDUARDO BELELI,641592.7,PREFEITO,4027,PSL
GUSTAVO MARQUES DE OLIVEIRA,617900,PREFEITO,18158,PODE
PAULO FARIA DO VALE,615109,PREFEITO,45580,DEM
OSVALDO FONSECA DE ALMEIDA JUNIOR,612150,PREFEITO,37402,MDB
ALEOMAR DE OLIVEIRA REZENDE,572900,PREFEITO,17857,MDB
WILDE LOPES RORIZ,571900,PREFEITO,16728,PSD
TIAGO FREITAS DE MENDONÇA,541725,PREFEITO,9708,DEM
JOSE ALVES VIEIRA,519374.7,PREFEITO,11104,PP
PEDRO JOAO FERNANDES,506286.33999999997,PREFEITO,6301,PP
PAULO ROBERTO DE ARAUJO,483066.51,PREFEITO,5040,PP
DIONE JOSÉ DE ARAUJO,480837,PREFEITO,16640,DEM
MARCIO AURELIO CORREA,457187.89,PREFEITO,29044,MDB
DIVINO PEREIRA LEMES,452860.04000000004,PREFEITO,17279,PODE
ADELIO ALVES PRADO NETO,442933.67,PREFEITO,4577,DEM
VANUZA PRIMO DE ARAUJO VALADARES,437746.98,PREFEITO,7668,PODE
MÁRCIO LUÍS DA SILVA,430000,PREFEITO,7623,MDB
MERCIA REGEANE LIMA DE OLIVEIRA CESILIO,429136.33,PREFEITO,6785,PTB
HUMBERTO DE FREITAS MACHADO,419624.91000000003,PREFEITO,23546,MDB
EURIPEDES JOSE DO CARMO,419600,PREFEITO,7266,PSC
FÁBIO CORREA DE OLIVEIRA,388250.95,PREFEITO,15127,PP
FERNANDO PELLOZO,387430,PREFEITO,36807,PSD
CARLOS ALBERTO LEREIA DA SILVA,384289.77,PREFEITO,8775,PSDB
VALERIANO PEREIRA DE ABREU,382913.85,PREFEITO,7237,PSL
MARIA IDALI DA SILVA BONTEMPO,381800,PREFEITO,4549,PSL
MARDEN GABRIEL ALVES DE AGUIAR JUNIOR,376650,PREFEITO,21930,PATRIOTA
MARCIA INES ALVES NUNES CALDAS,370800,PREFEITO,6235,AVANTE
ADAIR HENRIQUES DA SILVA,368004.12,PREFEITO,6224,DEM
ANDERSON DE PAULA SILVA,363590,PREFEITO,13793,PDT
JOAO ALBERTO VIEIRA RODRIGUES,361845,PREFEITO,11365,PATRIOTA
WALLISSON JOSE DE FREITAS,361437,PREFEITO,2019,PSC
JANAYNA WOLLP DA SILVA LUCIO,356726.61,PREFEITO,7572,PSC
GUSTAVO KOPPAN FAIAD SEBBA,352500,PREFEITO,4869,PSDB
KLEBER LUIZ MARRA,350845,PREFEITO,27099,REPUBLICANOS
JOÃO BATISTA GOMES PINTO,339500,PREFEITO,1291,PSDB
ROGÉRIO REZENDE SILVA,338652.94,PREFEITO,11491,PRTB
PAULO VITOR AVELAR,337452.45999999996,PREFEITO,10499,DEM
ROGÉRIO PALMEIRA ESSADO,333000,PREFEITO,4397,DEM
ELDER GALDINO PEREIRA,331210.85,PREFEITO,14356,MDB
FLAVIANE BALDO SCOPEL BARBOSA,318770,PREFEITO,9133,CIDADANIA
CLAUDIOMAR CONTIN PORTUGAL,316724.1,PREFEITO,4608,PP
CARLOS ALVES DOS SANTOS,316500,PREFEITO,15671,PL
JEAN CARLOS ANTUNES CINTRA,311303.4700000001,PREFEITO,5362,PROS
VALMIR PEDRO TEREZA,301905.58999999997,PREFEITO,9919,PSDB
FLAVIA RESENDE OLIVEIRA VILELA,298056.30000000005,PREFEITO,12642,DEM
ALEANDRO OLIVIO CALDATO,297637.5,PREFEITO,12228,DEM
VIRMONDES BORGES CRUVINEL FILHO,295333,PREFEITO,9845,CIDADANIA
JOAQUIM GUILHERME BARBOSA DE SOUZA,294204.32,PREFEITO,10440,PSDB
REINALDO CÂNDIDO DA SILVA,291930,PREFEITO,4684,CIDADANIA
BAILON NUNES DA SILVA,288570.85,PREFEITO,3286,PP
RONALDO FERNANDES DE QUEIROZ,288171.12,PREFEITO,4170,PTB
NÁRCIA KELLY ALVES DA SILVA,285462.5,PREFEITO,9033,PP
ANTONIO LUCIANO BATISTA DE LUCENA,282800,PREFEITO,3633,PSDB
JOSÉ ANTONIO LOPES COELHO,278366.45,PREFEITO,2950,PODE
LUDMILA DE QUEIROZ COZAC ROOS MACHADO,276119.15,PREFEITO,4647,MDB
WILBER FLORIANO FERREIRA,265449.55,PREFEITO,2508,PTB
AZARIAS MACHADO NETO,264829.77,PREFEITO,9701,DEM
GERALDO LUIZ SANTANA,261205,PREFEITO,4251,PP
HERNANY BUENO DE ARAUJO,258142.52000000002,PREFEITO,13381,SOLIDARIEDADE
ALLAN PAES XAVIER,255202.5,PREFEITO,4063,MDB
AMÉLIO REIS RABELO JÁCOMO,254997,PREFEITO,5833,CIDADANIA
ALLYSSON SILVA LIMA,251512.64,PREFEITO,7080,PP
CRISTIANO DE MORAES CUNHA,250400,PREFEITO,1364,PV
AMAURY SILVA DE SANTANA,250309.93,PREFEITO,806,PTB
EDUARDO PAGNONCELLI PEIXOTO,242693.03000000003,PREFEITO,3514,DEM
TIAGO GOMES ASSIS,242617.2,PREFEITO,2058,PSL
DALMO MACHADO BORGES,241200,PREFEITO,2645,PL
EDMARIO DE CASTRO BARBOSA,236020.2,PREFEITO,6347,CIDADANIA
RODRIGO MIRANDA MENDONÇA,235150.7,PREFEITO,2575,PDT
TATIANA RANNA DOS SANTOS,233195,PREFEITO,2931,DEM
PATRICIA AMARAL FERNANDES,229674.12,PREFEITO,2555,SOLIDARIEDADE
ALEX JOSÉ BATISTA,224569.4,PREFEITO,9043,MDB
CLEOMAR MARTINS DE ARAÚJO,223236.99,PREFEITO,2664,PSL
MARIA APARECIDA MARASCO TOMAZINI,218937.46,PREFEITO,7631,PODE
MARIA APARECIDA GOMES LIMA,215630,PREFEITO,3569,PTC
RENATO CUNHA DA CÂMARA,215417.81000000003,PREFEITO,2654,MDB
GILMAR ALVES DA SILVA,212850,PREFEITO,8538,MDB
ELVIS DE SOUZA SANTOS,210960,PREFEITO,1595,SOLIDARIEDADE
HUGO SERGIO BATISTA,210883.85,PREFEITO,5325,AVANTE
AZAIDE DONIZETTI BORGES MARTINS,206955,PREFEITO,7852,PP
LUIZ BORGES DA CRUZ,204603.28,PREFEITO,2866,PSD
ALYSSON FRANCISCO DE LIMA,201781,PREFEITO,16644,SOLIDARIEDADE
ANDRÉ LUIZ GOMES GONTIJO,197631.30000000002,PREFEITO,10011,MDB
RITA DE CASSIA SOARES MENDONÇA,197600,PREFEITO,13999,PSB
HELDER SILVA BONFIM,196059.12,PREFEITO,4282,SOLIDARIEDADE
ADERSON LIBERATO GOUVEA,192453.51,PREFEITO,4176,PT
JOSE DE ARAUJO LIMA,191620,PREFEITO,2116,PDT
LUCIJANE FREIRES ALENCAR CARLOS DA SILVA,190904.22999999998,PREFEITO,2996,MDB
CAIO DE SOUSA PEREIRA LIMA,190833.6,PREFEITO,1979,PP
TERCIO GONÇALVES DE MENEZES,190700,PREFEITO,4467,PSD
MARIA LUCIA MOURA BARBOSA,190430.78,PREFEITO,6608,PP
CARLOS ALVES DO EGITO,190292.26,PREFEITO,12913,PROS
WANDER SARAIVA DE CARVALHO,189461.06,PREFEITO,5053,PP
AVIMAR TEODORO DE OLIVEIRA JÚNIOR,189316.81,PREFEITO,4230,MDB
CARLOS ALBERTO ANDRADE OLIVEIRA,183574.22,PREFEITO,17280,PSDB
ANDERSON JOSE TONIAZZO,183100,PREFEITO,2336,MDB
CARLOS SEIXO DE BRITO JUNIOR,182984.41999999998,PREFEITO,4077,CIDADANIA
ARGEMIRO RODRIGUES SANTOS NETO,182966.83,PREFEITO,4472,DEM
VALDOMIRO ALBINO MARÇAL MOTA,181496.14,PREFEITO,6350,PP
TIAGO PACHECO DE JESUS,180008.16,PREFEITO,3288,PSL
ANA CLAUDIA LEMOS OLIVEIRA,178995.18,PREFEITO,3632,MDB
MILTON JUSTUS,178850,PREFEITO,2591,CIDADANIA
ADEMIR GUERREIRO BARBOSA,178270,PREFEITO,1121,PSC
VERONICE COELHO FURTADO,176300,PREFEITO,2920,DEM
RAFAELL DIAS MELO,176175,PREFEITO,6051,PP
WILSON CARVALHO BARROSO FILHO,173172.91999999998,PREFEITO,32179,DEM
VALDEMAR PAULA DA SILVA,172363.38,PREFEITO,1633,PT
FRANCISCO DE ASSIS PEIXOTO,170240.68,PREFEITO,4277,PSDB
WALTENIR VICENTE NETO,170150,PREFEITO,3254,PP
KÉLEN DE MELO NOGUEIRA,170000,PREFEITO,2180,PSL
JOSE WAGNER NEVES DE ANDRADE,169978.54,PREFEITO,4127,DEM
JOSÉ DÉLIO ALVES JÚNIOR,169650.63,PREFEITO,8467,DEM
VALDEMAR BATISTA COSTA,168975.93,PREFEITO,3625,DEM
LUIZ CARLOS ATTIÉ,167546.84,PREFEITO,3105,PODE
FERNANDO CARNEIRO DA SILVA,166799.53,PREFEITO,9135,PSD
JURANDYR CÂNDIDO JUNIOR,162940.5,PREFEITO,1180,PSB
SAMUEL DOS REIS COTRIM,162623.09999999998,PREFEITO,4283,PP
DÉBORA DOMINGUES CARVALHÊDO BARROS,159900,PREFEITO,3037,PL
EDSON SOARES DE PAULA,159768.91,PREFEITO,6667,PSDB
COLEMAR CARDOSO DE QUEIROZ,158771.37,PREFEITO,3629,PSDB
ELLEN REZENDE DE LIMA MENESES,157100,PREFEITO,3182,PSB
DANIEL GONÇALVES DE OLIVEIRA,156636.09,PREFEITO,2842,MDB
GLACIEL DE SOUZA ANDRADE,156381.59,PREFEITO,864,PSL
WELLINGTON RODRIGUES PEIXOTO,156225,PREFEITO,1441,PATRIOTA
FERNANDO PAULINO DA SILVA,154073.71000000002,PREFEITO,1614,PP
KELLYCE RODRIGUES MOURÃO,153642.12,PREFEITO,945,PSL
MARCUS ADILSON RINCO,152029.99,PREFEITO,1817,DEM
SOLANGE MARIA DE ANDRADE VALENTE,151700,PREFEITO,1409,PDT
CYRO DE MELO PEREIRA,150500,PREFEITO,4991,PSDB
OZEAS GOMES DE MORAIS,148250,PREFEITO,5074,PRTB
HERMANO DE CARVALHO,148200,PREFEITO,2531,PSDB
JANIO PACHECO,148147.3,PREFEITO,5027,PODE
UILTON PEREIRA DOS SANTOS,148000,PREFEITO,2961,PSC
WESLEY MEDEIROS DA COSTA,148000,PREFEITO,707,PATRIOTA
VANDO VITOR ALVES,147241.91999999998,PREFEITO,9228,PSDB
EDSON BUENO COUTINHO,146325,PREFEITO,3298,PSB
FLAVIO DIVINO MAURICIO DE MOURA,146275,PREFEITO,3069,PDT
VALTER ALEIXO,145636.96000000002,PREFEITO,4203,PSC
ELBER CARLOS SILVA,145461,PREFEITO,3095,AVANTE
DJALMA GOMES DA SILVA,144375.52000000002,PREFEITO,2235,PODE
COSMO CESAR DOS SANTOS,143717.6,PREFEITO,3920,PSC
PLÍNIO LUÍS NUNES DE PAIVA,143695.9,PREFEITO,1307,PL
NILZA MARIA BARBOSA,143480,PREFEITO,3234,SOLIDARIEDADE
GIOVANE RICARDO FERREIRA DA SILVA,141860,PREFEITO,2440,PSL
AUROLINO JOSE DOS SANTOS NINHA,139927.25,PREFEITO,2586,PDT
THIAGO SOUZA BORGES,139140,PREFEITO,1665,MDB
FAUSTO BRITO LUCIANO,139126.31,PREFEITO,1197,PSL
CRISTINA LOPES AFONSO,138884,PREFEITO,18280,PL
ANDRÉ RIBEIRO BORGES MARQUES,138638,PREFEITO,1546,PSL
ALCIDES DE SÁ SOARES,138004.56,PREFEITO,2529,PSB
LAZARO LUCIANO DI FRANCO LIMA E SOUZA,137901.36,PREFEITO,5324,PSD
GIL TAVARES,136800,PREFEITO,8282,REPUBLICANOS
WISNER ARAÚJO DE ALMEIDA,136730,PREFEITO,2654,PP
JOÃO ALFREDO DE MELLO NETO,136551.52000000002,PREFEITO,1743,PP
MARLENE LOURENÇO,135492.53,PREFEITO,1693,REPUBLICANOS
MARIA LUCÉLIA DO PRADO,135160.74,PREFEITO,1335,PTB
FRANCISCO PEDRO DE AGUIAR,134800,PREFEITO,1479,PSL
EVANDO DIVINO DA CRUZ,134737.84,PREFEITO,2518,PROS
PABLO GEOVANNI MOREIRA BATISTA,133923.75,PREFEITO,4087,PSD
FRANCISCO DE ASSIS MENDES,132400,PREFEITO,1274,PDT
WEBER REIS LACERDA,130880,PREFEITO,1723,SOLIDARIEDADE
PAULO CESAR JOSE DO NASCIMENTO,130773.8,PREFEITO,7068,DEM
MARIO JOSE SALLES,130010.54000000001,PREFEITO,5974,PSDB
HUMBERTO EVANGELISTA,130000,PREFEITO,1439,PSD
JOSÉ APARECIDO ALVES DINIZ,129925.70999999999,PREFEITO,4503,PP
ANDRE DE SOUSA CHAVES,129750,PREFEITO,3241,MDB
SUZANKERLLY GONÇALVES LOPES DA SILVA CASTRO,127365.94,PREFEITO,964,PSB
JOÃO ALECIO MENDES,126700,PREFEITO,2763,PL
BARTOLOMEU HONORIO DO NASCIMENTO,126400,PREFEITO,3469,DEM
JOSÉ ANTONIO NETO SIQUEIRA,125830,PREFEITO,2429,PP
EVANDRO DE AZEVEDO PAGANINI,125716.48999999999,PREFEITO,2145,PSD
ERIC DE MELO SILVEIRA,125319.79,PREFEITO,1993,PP
NEI DOS REIS CRUZ,125303.23000000001,PREFEITO,3158,PP
EMERSON ALVES DE LIMA,125169,PREFEITO,4149,PP
EDJANE ALVES DE ALMEIDA,123052.58,PREFEITO,3063,PL
SILVANO PEREIRA NETO,122838.91,PREFEITO,2706,PT
ROBERTA RODRIGUES RIBEIRO RICIOLI,122452.18,PREFEITO,2150,PROS
DALGOBERTO WELDON NOGUEIRA NEVES,121500,PREFEITO,495,PODE
ALEX DE QUEIROZ,121000,PREFEITO,1563,PSD
ADALCINO ROSA DA SILVA,120509,PREFEITO,1526,PDT
WINICIUS ARANTES DE MIRANDA,120014,PREFEITO,1334,PSL
NAÇOITAN ARAUJO LEITE,119588.46,PREFEITO,6017,PSDB
JEOVA LEITE CARDOSO,118909.84,PREFEITO,3484,CIDADANIA
JOAO BATISTA ALVES,118900,PREFEITO,4514,MDB
DINO MORAES DE SOUSA,118650,PREFEITO,1648,CIDADANIA
EURIPEDES RIBEIRO DOS PASSOS,117918.28,PREFEITO,1936,PP
CARLOS JOSÉ MAYER DOS SANTOS,117549.23,PREFEITO,3565,DEM
RENIS EUSTAQUIO GONÇALVES,117204.41,PREFEITO,2215,MDB
DIONE ALVES DE OLIVEIRA NAVES,117004.84,PREFEITO,2518,MDB
RICARDO GALVÃO DE SOUSA,115800,PREFEITO,4274,REPUBLICANOS
RONNE CEZAR MARTINS,115116.88,PREFEITO,1174,PSD
GABRIEL FORNIELES MOREIRA,114816.94,PREFEITO,2142,DEM
VILMAR SOUZA COSTA,114256.12999999999,PREFEITO,1959,PSB
OZIRES GOMES DE FREITAS,114070,PREFEITO,1114,MDB
GERALDO PAULO FERNANDES,113323.65,PREFEITO,8462,PT
JULIO PINA NETO,112690,PREFEITO,1923,PRTB
GABRIEL DA SILVA FALEIROS,112172.15,PREFEITO,3325,PSD
IVON JOSE VALENTE,111652.15,PREFEITO,542,PT
ERIVALDO ALEXANDRE DA SILVA,111446.68,PREFEITO,3125,PL
ALEXANDRE HENRIQUE VAZ DA MOTA,109375.91,PREFEITO,2601,PSD
HAICER SEBASTIÃO PEREIRA LIMA,109140,PREFEITO,4109,PL
ZILOMAR ANTONIO DE OLIVEIRA,108525,PREFEITO,7868,PSD
JHONATTA CORTEZ DA SILVA,107480.45,PREFEITO,1461,DEM
FÁBIO LASSERRE SOUSA BORGES,107375.06,PREFEITO,2376,PSL
RICARDO YANO,107170.55,PREFEITO,2203,PP
ANA PAULA LIMA DE OLIVEIRA,106780,PREFEITO,1099,SOLIDARIEDADE
FAUSTO MARIANO GONÇALVES,106600,PREFEITO,2541,DEM
MAURIVAN ALMEIDA TAVARES,106294,PREFEITO,2553,PSDB
CLEBER JUNIO DE SOUZA,105739.9,PREFEITO,1413,PSL
JOAO HELIO LIMA NETO,105407.67,PREFEITO,2022,PDT
NATAL DE CASTRO RODRIGUES,104800,PREFEITO,1348,PL
ITAIR NUNES DE LIMA JUNIOR,104772.83,PREFEITO,1389,PSL
KLEBER FRANÇA PEREIRA,104600,PREFEITO,1161,PATRIOTA
FERNANDO LUIS PEREIRA OLIVEIRA,104427.11,PREFEITO,5923,MDB
CLAUDIA VALÉRIA ALVES DE MORAES ARAÚJO,104130,PREFEITO,1380,PP
LUCIO PIRES DOS SANTOS,103646.9,PREFEITO,1978,PP
CLAILTON FERREIRA BORGES FILHO,103500,PREFEITO,4339,PSDB
KLEBER COSME DE FREITAS,102977.5,PREFEITO,2249,PP
ILDETE GOMES FERREIRA,102700,PREFEITO,2818,DEM
DIVINA LUCIA DE ALMEIDA DIAS,102564.3,PREFEITO,1459,PP
MARIA AMELIA DE ARAUJO,102288,PREFEITO,1005,PSD
ITAMAR LEAO DO AMARAL,102194.04,PREFEITO,3299,PSDB
GENILVA KATIA RODRIGUES DE ASSIS,101536.81,PREFEITO,2481,REPUBLICANOS
RUBENS FRANCISCO LOPES,100600,PREFEITO,1452,DEM
CLAYTON PEREIRA DE MELO,100339.51000000001,PREFEITO,2871,DEM
ALEXANDRE CESAR BATISTA FREIRE,100000,PREFEITO,4657,PSD
ENNIO FERREIRA BASTOS,100000,PREFEITO,85,PSB
KEDMA KAREN DA SILVA,99433.28,PREFEITO,1033,PT
ADALBERTO DOS SANTOS AMORIM,98498.62999999999,PREFEITO,1408,PSDB
TARCIO DUTRA,98358.32,PREFEITO,2807,PP
JOSÉ ANTÔNIO PRADO NUNES CARVALHO,97900,PREFEITO,2678,DC
WILMAR FERREIRA DA SILVA,97878.42,PREFEITO,1325,MDB
ÀLVARO MACHADO DE FREITAS,97455.6,PREFEITO,4029,MDB
RICARDO ARANTES COSTA VALADÃO,97390.9,PREFEITO,1651,MDB
MARCONNI PIMENTA DA SILVA,97244,PREFEITO,2462,DEM
FAUSTO CAIADO BARBOSA,96650.48,PREFEITO,1827,PDT
JONES RODRIGUES DE FARIA,96438.66,PREFEITO,1401,PSC
CHARLEY RODRIGUES TOLENTINO,96395,PREFEITO,1747,REPUBLICANOS
OSÓRIO FERNANDO DE SOUSA,96391.81,PREFEITO,6466,PSC
FRANCISCO ANTONIO CASTILHO,96012,PREFEITO,1634,MDB
ALAIR RABELO NETO,96000,PREFEITO,4722,DEM
AMARILDO MARTINS MARIANO,96000,PREFEITO,2370,DEM
HELIO GONTIJO DE OLIVEIRA,95988.8,PREFEITO,1479,MDB
NATALIA CAMARDELLI CAJAZEIRA PRATES,95691.6,PREFEITO,2123,REPUBLICANOS
EDSON GUIMARAES DE FARIA,95644.11,PREFEITO,4529,MDB
LUIZ ANTONIO RODRIGUES,94980,PREFEITO,1916,PSB
MURILO BORGES GUIMARÂES,94835,PREFEITO,151,PP
RIVADAVIA JAIME JUNIOR,94464.87,PREFEITO,1303,PSDB
MARCIO DE OLIVEIRA PASSOS,94300,PREFEITO,1961,PODE
MATEUS FELIX LOPES,93964.27,PREFEITO,1351,CIDADANIA
NEILTON FERREIRA DE OZEDA,92956.20999999999,PREFEITO,2615,PSDB
MARCIO POLO DE CASTRO,92740,PREFEITO,3086,PP
MORETSON DA SILVA BORGES,92568,PREFEITO,2667,DEM
RODRIGO RODRIGUES ALMEIDA,92307.5,PREFEITO,2130,MDB
ALESSANDRA SOUZA CARVALHO ROSA,92023,PREFEITO,1904,PSDB
MARCOS ANTÔNIO ALVES,91950,PREFEITO,2804,PL
DIVINO MARQUES DE SOUSA,91637.01000000001,PREFEITO,5881,DEM
LUIZ MARTINS DE OLIVEIRA,91514,PREFEITO,1449,MDB
WEBER SIVIRINO DA COSTA,91046,PREFEITO,5702,PSD
GRACIELE MARTA DO NASCIMENTO,90933.5,PREFEITO,3239,DEM
JACIRA MARTINS FERNANDES PAIVA,89976.8,PREFEITO,1448,PP
FRANC HELVIS VAZ,89839.44,PREFEITO,1992,PP
ELIAS MORAES DE SOUZA,89762.65,PREFEITO,2954,PSL
SEBASTIAO JOSE CARDOSO,89582.59,PREFEITO,545,PT
GERALDO DOS REIS OLIVEIRA,89271,PREFEITO,2937,PODE
LUIZ JUVENCIO DE OLIVEIRA,88100,PREFEITO,2821,DEM
ROBERTO CIRINO DOS SANTOS,87981.36,PREFEITO,1693,PTC
HEMANUELLE DI LARA SIQUEIRA JACOB,87809.44,PREFEITO,4639,PSOL
OSWALDO BATISTA POFAHL,87500,PREFEITO,1006,PDT
ADNA FERREIRA DE ALMEIDA MARTINS,87246.33,PREFEITO,1289,PP
MARCO ROGERIO CANDIDO LEITE,87122.27,PREFEITO,2552,SOLIDARIEDADE
JADIR LOPES DE OLIVEIRA,87000,PREFEITO,5357,DEM
MARCO ANTONIO GOMES DE CARVALHO,86864.7,PREFEITO,1661,PT
GABRIEL GOMES ALVES DE CASTRO,86809.67,PREFEITO,1192,PSDB
CLAUDIO MESQUITA,86500,PREFEITO,2573,PSL
HALISON MACEDO DOS SANTOS,86452.31000000001,PREFEITO,1945,DEM
ANTONIO LOPES JUNIOR,86170.8,PREFEITO,3178,PSB
ROSENILDA MARIA DE SOUZA BEZERRA,85751.83,PREFEITO,1174,PSD
ULISSES ALVES DE BRITO,85625.3,PREFEITO,1355,PDT
WILSON TAVARES DE SOUSA JUNIOR,85379.42,PREFEITO,1341,DEM
JANÉZIO PEREIRA DA SILVA,85200,PREFEITO,2027,MDB
JOSE RAIMUNDO LOPES DE SOUZA,84792,PREFEITO,466,PROS
AMILCAR MACHADO PEREIRA JUNIOR,84500,PREFEITO,2237,MDB
WENNER PATRICK DE SOUSA,84000,PREFEITO,7189,AVANTE
FERNANDO GUEDES PEREIRA,83890,PREFEITO,1574,PP
KARLA CRISTINA MOREIRA ALVES,83655.9,PREFEITO,3282,MDB
ABNER DE CASTRO CURADO,83396.4,PREFEITO,2563,MDB
FLAVIO ZEFERINO DA SILVA,83078.6,PREFEITO,1160,PSL
ALTRAN LOPES AVELAR NERY,82896.39,PREFEITO,2078,DEM
JOSÉ UILTON NASCIMENTO DE OLIVEIRA,82882.59,PREFEITO,392,PT
AVAILTON CANDIDO VIEIRA,82810,PREFEITO,697,DEM
PAULO ROBERTO VIEIRA,82333,PREFEITO,2798,PDT
HÉLIO ANTÔNIO DA SILVA,82301.23,PREFEITO,874,PTB
PAULO JOSE MARTINS,82090,PREFEITO,5315,REPUBLICANOS
WASHINGTON FERREIRA DA COSTA,81740.7,PREFEITO,765,PP
ELIEUDES DIAS DE MORAES,81735,PREFEITO,2181,DEM
DANILO MAX DE SOUZA COSTA,81625,PREFEITO,1068,MDB
SOLANGE MARIA GOUVEIA CASTRO,81507.23999999999,PREFEITO,1566,PSC
FABRICIO ALVES DE SOUZA SANTOS,81474.13,PREFEITO,3646,PRTB
WENDEL ANTONIO FERREIRA,81136.34,PREFEITO,919,DEM
JORGE JOSE DE SOUZA,80916.3,PREFEITO,1444,PP
PAULO MARIA RODRIGUES,80715,PREFEITO,822,PODE
SAULO GOMES DA SILVA,80400,PREFEITO,96,PATRIOTA
CLEUDES BERNARDES DA COSTA,80063.99999999997,PREFEITO,2663,PSD
AMERICO OSORIO DOS SANTOS E SILVA,79849.53,PREFEITO,1264,MDB
ÁTILA RÚBIA DE DEUS,79821.3,PREFEITO,1460,DEM
IRIS AURÉLIO BORGES DIAS,79746.72,PREFEITO,973,REPUBLICANOS
EVERTON FRANCISCO DE MATOS,79500,PREFEITO,3577,PDT
CLEUTON GOMES DE MOURA,78853.04,PREFEITO,2227,DEM
KELTON PINHEIRO,78778.45000000001,PREFEITO,3534,CIDADANIA
EDSON PALMEIRAS DOS SANTOS,78589.78,PREFEITO,2011,DEM
DIVINA APARECIDA ZAGO SOUSA,78448,PREFEITO,1365,SOLIDARIEDADE
DELVAIR RAMOS MARINHO,78391.05,PREFEITO,1637,PL
JOSE RIBEIRO DE ANDRADE,78222.29000000001,PREFEITO,345,PSL
ALCIONE RODRIGUES BRAGA,78014.93,PREFEITO,1285,PSB
VIRGINIA ANGELICA SANTOS CASTRO,78013.1,PREFEITO,1714,PP
JOAQUIM BARBOSA FILHO,77841,PREFEITO,2229,DEM
WILLIAN BARBOSA SOARES,76949.49,PREFEITO,484,PDT
LUIZ CARLOS INÁCIO FERREIRA,76345,PREFEITO,2018,PP
PLÍNIO LEÃO RESENDE,76258.32,PREFEITO,4138,MDB
CÁCIO MOREIRA ADORNO,76199.92,PREFEITO,2488,PDT
AGMAR RIBEIRO DOS SANTOS,76171.94,PREFEITO,3070,PTB
DALTON VIEIRA SANTOS,75850,PREFEITO,2448,PP
MURILO CESAR DA SILVA,75733.83,PREFEITO,1486,PP
JOB MARTINS DE DEUS,75574.85,PREFEITO,2856,PDT
ELI RIBEIRO PINTO,75026.17,PREFEITO,16,DEM
TIAGO MENDONÇA SILVA,74430.5,PREFEITO,1343,PSDB
DARLENE HEIDE PASSOS,74368.57,PREFEITO,1059,PSB
CLEITON GONÇALVES MARTINS,74137.14,PREFEITO,3166,PL
CLAUDINEY ANTONIO MACHADO,74060,PREFEITO,3373,DEM
FERNANDA NOLASCO VANDERLEY OLIVEIRA,73528.95,PREFEITO,1356,DEM
JOAQUIM DOS REIS PEREIRA,73502.1,PREFEITO,738,PP
MARCOS ANTONIO CARLOS,73479,PREFEITO,1713,MDB
DOUGLAS ADYEL RIBEIRO DE FARIA,73214.33,PREFEITO,1749,PL
SEBASTIÃO ELOI DOS SANTOS,73178,PREFEITO,1857,PODE
GILBERTO GALDINO DE SOUZA,72997.05,PREFEITO,1294,PL
TIAGO JAPIASSU BATISTA DO NASCIMENTO ANDRADE,72800,PREFEITO,1713,PSDB
ALBERANE DE SOUSA MARQUES,72795,PREFEITO,3348,REPUBLICANOS
SIRON QUEIROZ DOS SANTOS,72550.3,PREFEITO,1686,SOLIDARIEDADE
MARCOS RODRIGUES COSTA,72300,PREFEITO,982,PP
WAGNER VAZ DA SILVA,72292.5,PREFEITO,1468,PP
RICARDO FRANCISCO GOULART,72203.83,PREFEITO,2194,MDB
MARTINHO MENDES DA SILVA,72180,PREFEITO,724,PL
CELIARA CRISTINA COSTA,72100,PREFEITO,486,PDT
RODRIGO RODRIGUES BERNARDES PALAZZO,72000,PREFEITO,993,DEM
WALEX GUEDES FERREIRA DE MACÊDO,71978.65,PREFEITO,1408,PODE
BRUNO CESAR RUFINO DE SIQUEIRA,71500,PREFEITO,3208,MDB
ELIETY RODRIGUES PEREIRA,71000,PREFEITO,1377,DEM
NRONER DE PAULA E SILVA,70982,PREFEITO,778,CIDADANIA
JULIANA IZABEL DE PAULA COSTA,70968,PREFEITO,1770,DEM
FABRICIO SAMPAIO DA ROCHA,70810.20000000001,PREFEITO,1417,DEM
JUVENAL FERNANDES DE ALMEIDA,70350,PREFEITO,1990,PL
ROBERTO JOÃO DE OLIVEIRA,70000,PREFEITO,1418,MDB
EDNALDO ANDRADE MIGUEL,69900,PREFEITO,1590,PSD
CARLOS EDUARDO PEREIRA TERRA,69450,PREFEITO,3240,DEM
ANDREIA LINS DEPOLLO,68950,PREFEITO,1739,PDT
EDUARDO TALVANI DE LIMA COUTO,68445,PREFEITO,1563,PSC
JORGE CÉSAR DOS ANJOS ANTONINI,68193.09,PREFEITO,1462,PT
IRIS MARTINS PARREIRA,68151,PREFEITO,8799,MDB
EDY CARLOS GONÇALVES,68100.9,PREFEITO,1207,PSDB
LAURISMAR BATISTA BORGES,67500,PREFEITO,1463,DEM
CEBIO MACHADO DO NASCIMENTO,67467.44,PREFEITO,3705,MDB
JOÃO PEREIRA DA SILVA NETO,67325.25,PREFEITO,560,MDB
JOSE WILLIAN COELHO DE PAULA,67150,PREFEITO,1698,PL
UBIRAJARA ANTÔNIO DUARTE JUNIOR,67102.87,PREFEITO,1015,DEM
FELIPI DE SOUSA CAMPOS,66140,PREFEITO,2282,DEM
ANDRE LUIZ BORGES PIO,66100,PREFEITO,1691,PSDB
EURIPEDES GONÇALVES BARROS,66012,PREFEITO,1766,PTB
IOLANDA HOLICENI MOREIRA DOS SANTOS,65983.38,PREFEITO,3012,DEM
LAERTE DOURADO DOS SANTOS,65230.9,PREFEITO,1344,PP
DOLORES CRISTINA LEANDRO NEVES,65183.21,PREFEITO,1792,DEM
JOSÉ ANTÔNIO DA SILVA,65104.619999999995,PREFEITO,1338,PL
JÚNIOR CÉSAR BATISTA DE ALMEIDA,65000,PREFEITO,107,PATRIOTA
VALDESSON VIEIRA JUNIOR,64992,PREFEITO,1401,DEM
JOSE CARLOS BARBOSA,64820,PREFEITO,1670,PSC
ODAIR SIVIRINO LEONEL,64715,PREFEITO,2864,DEM
MACKSON DEYVIDE DE ALMEIDA SOUSA,64593.05,PREFEITO,2373,PSC
DAVES SOARES DA SILVA,64583,PREFEITO,1287,PSDB
ISTEINER ABREU ALVES DE OLIVEIRA,64319,PREFEITO,1690,CIDADANIA
CLEOMAR HENRIQUE DE SOUSA,63700,PREFEITO,980,MDB
MARLENILTON MACHADO FAGUNDES,63345,PREFEITO,1568,DEM
JOÃO FLÁVIO CAIXETA,63280,PREFEITO,3652,PSB
MARCUS VINICIUS AZEREDO COSTA,63203.65,PREFEITO,2091,CIDADANIA
AILTON MARTINS DE OLIVEIRA,63092.5,PREFEITO,1548,CIDADANIA
ENGELL SANTOS,62198.9,PREFEITO,1556,PSL
WILSON JOSE FERREIRA,62149.95,PREFEITO,1046,PMN
ZENILTON NERES DA COSTA,61880.9,PREFEITO,12947,PL
CASSIA SILVIA CAIXETA DOURADO,61660,PREFEITO,1794,PSDB
RODRIGO PEREIRA FONSECA,61300,PREFEITO,1715,DEM
CLÁUDIO CHAVES MOREIRA,61226.5,PREFEITO,2778,PRTB
VALDEMIR RODRIGUES DE MORAIS,61002.35,PREFEITO,2049,PODE
DEUSDETE JOSÉ DE ANDRADE,60850,PREFEITO,2759,PDT
LUIZ FAVORITO DA SILVA NETO,60652,PREFEITO,448,PDT
REGINALDO BASILIO DE OLIVEIRA,60600,PREFEITO,1582,MDB
RENATO DAMASIO RESENDE,60541.25,PREFEITO,976,PODE
GILBER ROQUE PEREIRA DE MIRANDA,60393.02,PREFEITO,1517,PP
ANATAIR ANTONIO SANTANA,60346.28,PREFEITO,1389,PSD
OTANIEL BRAZ DE PAULA,60335.69,PREFEITO,272,CIDADANIA
JOSE AIRTON DE OLIVEIRA,60025,PREFEITO,2873,DEM
ANTÔNIO EVANDO BATISTA FARIA,60000,PREFEITO,258,PSL
MARCOS ANTÔNIO FERREIRA DA LUZ,60000,PREFEITO,213,PDT
MESSIAS DA MOTA PAES NETO,60000,PREFEITO,305,PSL
NATANAEL CAETANO DO NASCIMENTO,60000,PREFEITO,1088,PDT
CASSIO GUSMÃO DE OLIVEIRA,59590,PREFEITO,1914,DEM
GISMAR RITA DA SILVA,59359.74,PREFEITO,770,PATRIOTA
EDIMILSON ALVES DOS SANTOS,59302.51,PREFEITO,1806,PP
GILMAR JOSE DE FREITAS GUIMARAES,59214.4,PREFEITO,3598,CIDADANIA
JOÃO CÉZAR DA FONSECA,59008,PREFEITO,2512,PSDB
RODOLFO VALENTE LIMA,59000,PREFEITO,3467,PSD
FELIPE ANTONIO DIAS,58900,PREFEITO,4487,MDB
HAROLDO NAVES SOARES,58319.03,PREFEITO,2175,MDB
CARLOS HENRIQUE RODRIGUES PEREIRA,58097.5,PREFEITO,1777,PP
JUSCELINO CAFÉ DE OLIVEIRA,57950,PREFEITO,680,PP
LEANDRO MUNIZ RIBEIRO,57950,PREFEITO,337,PSL
GILTON ROSA RODRIGUES,57866.26,PREFEITO,122,PSL
ADELINO SOUZA AQUINO,57544.27,PREFEITO,2144,PDT
MARCIO CECILIO CECILIANO,57297.5,PREFEITO,1307,PP
JOSÉ EDUARDO OLIVEIRA NETO,57280,PREFEITO,1820,SOLIDARIEDADE
DEMEVALDO DONIZETE FERREIRA,57100,PREFEITO,1070,PSDB
ENIO EURIPEDES DA CUNHA,57027.34,PREFEITO,768,PSB
SEBASTIÃO RODRIGUES GOMES FILHO,56805.25,PREFEITO,3001,PODE
ALCEU BARRETO CARDOSO FILHO,56720,PREFEITO,407,PL
ANA PAULA RODRIGUES CATOIRA,56600.7,PREFEITO,473,MDB
JOSEME PEREIRA LOPES,56600,PREFEITO,1096,PP
ANTONIO CICERO ALVES,56585,PREFEITO,914,PTB
SOLIMAR CARDOSO DE SOUZA,55683.2,PREFEITO,1230,PSC
VALERIA FERREIRA DOS SANTOS,55078.2,PREFEITO,866,PDT
JOSE RODRIGUES DE LIMA NETO,55075.34,PREFEITO,3615,PATRIOTA
WALDILEI JOSE DE LEMOS,55000,PREFEITO,2255,DEM
ROGÉRIO LABANCA NETO,54550,PREFEITO,1756,PSDB
RAFAEL PEREIRA MACHADO FRANCO,54316.46,PREFEITO,1824,DEM
DOMINGOS DE JESUS SOUSA FONSECA,54307.75,PREFEITO,225,PTB
WOLNEI MOREIRA DA SILVA,54252,PREFEITO,1044,PSB
ERISVAL MARTINS DE ASSUNÇÃO,53578,PREFEITO,1642,PDT
BALTAZAR LUIZ DA SILVA,53562,PREFEITO,1125,DEM
ANTONIO MARTINS DE QUEIROZ,53500,PREFEITO,1873,DEM
ANTONIO RUFINO DE LIMA,53456.23,PREFEITO,1319,MDB
JOÃO GLADSTON DE PAULA REIS SÁ,53435,PREFEITO,1942,PL
CREONIR BORGES DE OLIVEIRA,53432.82,PREFEITO,2238,PSC
FERNANDA OLIVEIRA CAETANO RIOS,52944,PREFEITO,959,PSC
CLÁUDIO HENRIQUE CAIXETA,52605,PREFEITO,2118,PRTB
JOSÉ TOMÉ CORREIA FILHO,52500,PREFEITO,1034,PSDB
ELVILÁSIO LIMIRIO DE LIMA,52000,PREFEITO,1151,PL
WALDECI PEREIRA DE MORAIS GOMES,52000,PREFEITO,529,PDT
EULER GUIMARÃES E SILVA,51850,PREFEITO,1789,PODE
WÂNIA CORREA DE ARAUJO OLIVEIRA,51690.380000000005,PREFEITO,637,PSL
FRANCISCO DE ASSIS PINHO MAIA,51531.95,PREFEITO,42,PATRIOTA
OLIVAR CAETANO DE SOUZA,51500,PREFEITO,382,PSD
FLÁVIO DE MELO E SILVA,51188.65,PREFEITO,1103,PSL
LAÉCIO PINHEIRO DE SOUZA,51115,PREFEITO,1933,CIDADANIA
FRANK MOREIRA RANGEL,50986,PREFEITO,831,PSDB
ROSANGELA ALVES DOS REIS,50874,PREFEITO,1484,DEM
JUSTINIANO CASTILHO PRADO,50826,PREFEITO,1091,REPUBLICANOS
FABIANO QUEIROZ CAPUZZO,50720,PREFEITO,2482,PDT
DELMIRO DE OLIVEIRA CANO,50718,PREFEITO,1545,PODE
LUIZ HENRIQUE DA SILVA MOREIRA,50402.35,PREFEITO,711,DEM
EDMAR BORGES DE LIMA,50144.35,PREFEITO,1020,PP
JOAQUIM CRAVEIRO CURADO,50000,PREFEITO,87,PSD
CHARLLES BRUNO BORGES MIRANDA,49934.15,PREFEITO,1540,REPUBLICANOS
CLAUDINEI DIVINO RESENDE,49623,PREFEITO,975,PODE
HUGO DELEON DE CARVALHO COSTA,49519.229999999996,PREFEITO,1856,CIDADANIA
EDUARDO JESUS DE REZENDE FRAGA,49484.7,PREFEITO,1125,MDB
HELFER HENRIQUE PINHEIRO,49332.75,PREFEITO,1604,MDB
JOÃO BATISTA GOMES,49134.46,PREFEITO,1131,PSDB
SILVIO ISAC DE SOUZA,49042.2,PREFEITO,1353,MDB
MILTON LEMES DE PAULA,48998,PREFEITO,2740,PSD
CLEMERSON LOPES DA SILVA,48582.6,PREFEITO,1116,PL
OGUIMAR JOSÉ VICENTE,48400,PREFEITO,747,DEM
WESLEY PEREIRA DE SOUSA,48300,PREFEITO,814,DEM
CLENILDA MELQUIADES DOS SANTOS,48000,PREFEITO,2133,AVANTE
CARLOS TADEU ROCHA VIEIRA,47974.79,PREFEITO,1477,DEM
JURANDIR AUGUSTO DA SILVA,47209.22,PREFEITO,3177,CIDADANIA
GILVANDER ALVES PEREIRA,46957.49,PREFEITO,2175,PSDB
MARCELO MARTINS DE PAIVA,46800,PREFEITO,621,MDB
EDUARDO COSTA SANCHES,46053.8,PREFEITO,594,PODE
EDMAR DE ASSIS SILVA,46000,PREFEITO,1864,MDB
IRON ALVES MONTEIRO,45998.45,PREFEITO,3443,PL
VILMAR DA SILVA QUEIROZ,45625.18,PREFEITO,235,PSL
LEONARDO DE OLIVEIRA BRITO,45612.4,PREFEITO,2134,MDB
ALEXANDRE ALCINO SILVA,45245,PREFEITO,858,PP
RENATO SIROTTO CARVALHO,45199.6,PREFEITO,1243,PP
FERNANDO ROSA SOARES,45100,PREFEITO,2058,PSDB
ADELMO BARBOSA SEVERINO,45055.740000000005,PREFEITO,1460,DEM
OVARCI VILELA FARIA,44965.1,PREFEITO,1329,DEM
MARGONZAGUE SAMPAIO,44826.88,PREFEITO,1491,PT
JOSÉ ANTÔNIO DO PRADO,44600,PREFEITO,2226,PDT
JOAQUIM GONÇALVES PACHECO,44331.81,PREFEITO,96,PSL
ADÃO NAZIR MARTINS SILVA FILHO,44315.520000000004,PREFEITO,213,PSL
HAMILTON ROSEIRO RODRIGUES DA CUNHA,44200,PREFEITO,685,DC
RODRIGO DE TOLEDO ACHCAR,44014.3,PREFEITO,549,PSD
LEO ANTONIO DE ALMEIDA,43860,PREFEITO,1145,MDB
VALDIVINO MARTINS DA SILVA,43649.08,PREFEITO,1232,CIDADANIA
DASIO MARQUES FERREIRA,43300,PREFEITO,1423,PDT
VERA LÚCIA IZÍDIO VIEIRA PASSOS,43222.7,PREFEITO,1031,CIDADANIA
MARIA APARECIDA MAGALHAES FURTADO MACEDO,43135.6,PREFEITO,1022,PL
BRAZ DIVINO MACEDO,43053,PREFEITO,423,PATRIOTA
NEY FABIO DE NOVAES,42591.95,PREFEITO,1187,PT
DEOCLECIANO ARAUJO DE LIRA,42092.4,PREFEITO,1732,DEM
VALTENIR GONÇALVES DA SILVA,42060,PREFEITO,2354,DEM
JOÃO BATISTA CARVALHO,42000,PREFEITO,1909,PODE
ALLISSON HENRIQUE BARBOSA PEIXOTO,41800,PREFEITO,2433,DEM
HAMILTON BORGES DA SILVA,41494.04,PREFEITO,1899,PSL
EDSON PINTO RIBEIRO,41445.4,PREFEITO,372,CIDADANIA
GENESIO JOSE ROSA,41245.57,PREFEITO,2130,DEM
ELADIR DE PAULA RIBEIRO,41112.5,PREFEITO,914,PP
CICERO ALVES JACINTO,41090,PREFEITO,2136,PRTB
JOSE GARCIA DE SOUZA,41018,PREFEITO,2313,PSDB
ADONAI SALES DE ANDRADE,41000,PREFEITO,568,PODE
ADÃO RODRIGUES DE OLIVEIRA,40450,PREFEITO,1138,PATRIOTA
SULEYMMAN SANTHARA PAIVA ARAÚJO,40342.020000000004,PREFEITO,669,PTB
ALADIR FERREIRA DE FARIAS,40213,PREFEITO,397,PODE
MARILDO VAZ MACHADO,40195,PREFEITO,1737,DEM
KATTYA MARIA BAPTISTA DE OLIVEIRA,40000,PREFEITO,58,PSL
ELIVAN RIBEIRO DOS SANTOS,39652.79,PREFEITO,1364,DEM
RICARDO MARQUES VIEIRA,39350,PREFEITO,232,PSDB
ROGERIO TELES DOS SANTOS,39297,PREFEITO,869,MDB
JANIO FERREIRA ALVES,39205.66,PREFEITO,409,PT
JOSE RIBEIRO DE ARAUJO,38735.13,PREFEITO,1253,PP
RENIS CESAR DE OLIVEIRA,38600,PREFEITO,1477,DEM
SEBASTIÃO DE FREITAS NETO,38500,PREFEITO,1471,MDB
EDINALDO MOREIRA DOS SANTOS,38464.049999999996,PREFEITO,1150,DEM
ADELCIDES JOAQUIM SANTANA FILHO,38384.84,PREFEITO,1462,DEM
JAIR PEREIRA DA SILVA,38045,PREFEITO,1050,DEM
GISELE LISBOA ROCHA,37868.67,PREFEITO,199,PODE
CARLOS ALBERTO RIBEIRO DE MOURA,37750,PREFEITO,596,MDB
JOÃO BATISTA CABRAL,37650,PREFEITO,2526,DEM
EDILSON FILGUEIRA DA SILVA,37628.66,PREFEITO,2368,PTB
EURIPEDES MOREIRA DA SILVA,37020,PREFEITO,1258,MDB
ALEX PAULO COUTINHO,36745,PREFEITO,1935,PP
JEAN INÁCIO SANTANA ARAÚJO,36600,PREFEITO,941,CIDADANIA
EVENILSON FERREIRA DANTAS,36433,PREFEITO,852,PDT
VAGNO MACHADO XAVIER,36320.01,PREFEITO,282,PDT
ESIO BENTO LEMOS DO PRADO,36000,PREFEITO,1325,DEM
EDSON VIEIRA DE PAULA,35505,PREFEITO,852,DEM
JOSEILE FARIAS DE MENDONÇA,35435.28,PREFEITO,900,PSC
ANTÔNIO CARLOS PIRES FERREIRA,35092.55,PREFEITO,129,PT
CARLOS ALBERTO SILVA,35038.94,PREFEITO,471,PT
ADEMAR ANTONIO DA SILVA,35000,PREFEITO,1601,PDT
RUBENS BATISTA DE QUEIROZ,34890,PREFEITO,914,PDT
ANTONIO PEREIRA DE ALMEIDA,34750,PREFEITO,321,PT
ADELÍCIA MOURA DA COSTA,34512.05,PREFEITO,1229,PSC
DIVINO FERREIRA DOS SANTOS,34319,PREFEITO,177,PRTB
DAVI ELKSON DE MELO,34184,PREFEITO,1024,PODE
ELIVONE RODRIGUES LEMOS,34110,PREFEITO,831,PP
MONICA MARIKO MORISSUGUI MELHADO,33816.1,PREFEITO,590,DEM
ALTAMIRO JOSE DE LIMA,33812.5,PREFEITO,1057,DEM
JOAO PIMENTA DE PADUA JUNIOR,33503.85,PREFEITO,972,MDB
ELEUSES RODRIGUES GONZAGA,33407.9,PREFEITO,846,PODE
AILTON JOSÉ BARRETOS,33390.5,PREFEITO,49,DEM
RICARDO CALIL FONSECA,33300,PREFEITO,612,PSD
DANILO IGOR DE OLIVEIRA RIOS,33000,PREFEITO,217,REPUBLICANOS
RAUF FRANCO,32810,PREFEITO,500,DEM
PAULO ROBERTO BERLIM PERES,32013.370000000003,PREFEITO,254,PSL
FAUSTO BARBOSA DE PAULA,32000,PREFEITO,722,MDB
DIEGO BARBOSA RESENDE,31888.55,PREFEITO,125,PSL
GUSTAVO GAYER MACHADO DE ARAUJO,31805,PREFEITO,45928,DC
MARIOZAM LEMES DA SILVA,31761.67,PREFEITO,585,PSL
SEBASTIÃO SANTANA DE OLIVEIRA,31538.65,PREFEITO,107,PSL
KLEVERTON BARBOSA DE MELLO,31525.05,PREFEITO,1204,DEM
ADEMILSON CORREIA DA TRINDADE,31477.08,PREFEITO,135,PSL
CLEIDISON CARVALHO DE OLIVEIRA,31188.65,PREFEITO,50,PSL
CLAYTON TELES DE MELO,30945,PREFEITO,2028,PSDB
AMÉRICO BARBOSA DA SILVA,30735.62,PREFEITO,111,PSDB
PÉRICLES RIBEIRO DE ÁVILA,30705,PREFEITO,545,DEM
RODRIGO GONÇALVES,30499,PREFEITO,346,PATRIOTA
MURILO MOREIRA TELES VALIM,30219.42,PREFEITO,1070,PSD
LUCIANO MARQUES SILVA,30150,PREFEITO,263,DEM
ALESSANDRO SILVERIO DE ALMEIDA,30100,PREFEITO,2994,PDT
MARLY DAVID REZENDE RODRIGUES,30010.8,PREFEITO,1467,REPUBLICANOS
PAULO ROGERIO DA FONSECA PALAZZIN,30000,PREFEITO,36,PATRIOTA
ROBERTO FELIX SANTANA,30000,PREFEITO,160,PSL
CLEBER DE LIMA CABRAL,29850,PREFEITO,999,PODE
JOSÉ ANTÔNIO FRANCISCO VIEIRA,29829.6,PREFEITO,371,DEM
MILSON MENDES SANTANA,29314,PREFEITO,1168,PSC
ALESANDRE LUIZ DE JESUS,29125,PREFEITO,148,PSD
ISRAEL MARIANO DE AZEVEDO,29109.7,PREFEITO,548,DEM
GUSTAVO SILVA DE OLIVEIRA,29000,PREFEITO,1627,DEM
CIRLEI DE ARAUJO COSTA,28951.760000000002,PREFEITO,178,PSL
RONDINELIO PEREIRA DOS SANTOS,28502,PREFEITO,1039,PROS
PAULO CEZAR DE OLIVEIRA,28400,PREFEITO,1379,PDT
WENDER APARECIDO CHAVES OSÓRIO,28328.08,PREFEITO,631,MDB
LEONARDO CESAR LIMA ARAUJO,28256.65,PREFEITO,3120,PATRIOTA
CRISTHYANO JUNQUEIRA RIBEIRO,28153.95,PREFEITO,436,PSD
GIRLEY GOMES COELHO,28100,PREFEITO,1518,PSC
ISMAEL MARTINS NETO,27676.56,PREFEITO,1647,DEM
ELI GONÇALVES SIQUEIRA,27670.1,PREFEITO,1734,MDB
REGINALDO ARAÚJO PIRES,27623.45,PREFEITO,425,PSC
DJAIR PEREIRA DA COSTA,27390,PREFEITO,1638,CIDADANIA
CARLOS LUIZ DE OLIVEIRA,27350.2,PREFEITO,2670,PP
SAMUEL CUENCA,27000,PREFEITO,148,PT
ROSANA BALESTRA PEREIRA DA SILVA,26999,PREFEITO,182,SOLIDARIEDADE
ANTONIO MATIAS PEREIRA,26807,PREFEITO,899,MDB
PAULO ROBERTO BARBOSA SILVA,26806.75,PREFEITO,732,PODE
FELICIANO RODRIGUES ROSA,26710,PREFEITO,101,PATRIOTA
ALVARO CONRADO FRANCISCO,26520,PREFEITO,496,PP
DANILO GLEIC ALVES DOS SANTOS,26354.5,PREFEITO,1727,CIDADANIA
JAIRO RODRIGUES PEREIRA,26300,PREFEITO,207,PT
GERALDO ANTÔNIO NETO,26007,PREFEITO,899,PP
ERICK MARCUS DOS REIS E CRUZ,25900,PREFEITO,868,MDB
SERGIANA DO NASCIMENTO PEREIRA,25297.72,PREFEITO,798,PSOL
OTANIEL VIEIRA DA SILVA,25290,PREFEITO,664,PP
JHAN RICARDO MACHADO MENDES,25164.53,PREFEITO,414,REPUBLICANOS
JONAS ROSA PEREIRA JUNIOR,25100,PREFEITO,369,DEM
BERNARDO XAVIER DOS SANTOS,25075.67,PREFEITO,155,PSOL
NUCIA KELLY DE FREITAS OLIVEIRA,25000,PREFEITO,571,CIDADANIA
JONATAS SILVA SOUZA,24893.25,PREFEITO,136,PSD
EVERALDO LUCIANO SANTANA,24839.899999999998,PREFEITO,38,PSL
FREDERICO ROSA DA COSTA,24791,PREFEITO,117,DEM
LEILA MARIA SOUSA E SILVA,24600,PREFEITO,366,PRTB
MARCILENE BATISTA DE BRITO COSTA,24600,PREFEITO,874,CIDADANIA
EDUARDO JESUS DE MOURA,24500,PREFEITO,604,PSD
RODRIGO FERREIRA GOULART,24414.9,PREFEITO,40,PSB
ITAMAR BATISTA NETO,24250,PREFEITO,532,PSC
GILMAR PEREIRA DE SOUZA,24150,PREFEITO,1432,DEM
DIOGO ROSA NUNES,24087.6,PREFEITO,2217,PODE
RICARDO FELICIO MONTEIRO,24013.5,PREFEITO,1717,REPUBLICANOS
CHRISTIAN AURELIANO SILVA,23640.010000000002,PREFEITO,650,DEM
WARLEM DOMINGOS DA PAZ,23600,PREFEITO,125,PDT
SUAIL MARTINS GONCALVES,23355,PREFEITO,138,PP
WALDIR FRANCISCO DE MOURA,23243,PREFEITO,2081,PSB
RONALDO BAFUTTO,23224.85,PREFEITO,910,PODE
IVON EBER GONÇALVES DO NASCIMENTO,23000,PREFEITO,227,DC
MAURO FRANCISCO DE CARVALHO,22861.37,PREFEITO,33,PSL
FRANCISCO DEURISTOM GONÇALVES DA SILVA,22850.85,PREFEITO,1646,PSD
JADIEL FERREIRA DE OLIVEIRA,22848.5,PREFEITO,1172,PL
ALEXANDRE POMPEU DE PINA,22500,PREFEITO,1096,PT
JEAN CARLO SILVA,22450,PREFEITO,105,PODE
RENATO CALDEIRA DE OLIVEIRA,22314,PREFEITO,751,MDB
REINALDO FERREIRA DE MORAIS,22307,PREFEITO,96,MDB
ZEDIMILTON FERREIRA DA SILVA,22200,PREFEITO,589,DEM
SUZIDARLEY NUNES BANDEIRA,22170.9,PREFEITO,1511,PTB
DENES CARLOS RESENDE DOS PASSOS,22049.03,PREFEITO,34,PSL
MACCIONE MACHADO DE SALUNES DA MATA,22000,PREFEITO,260,PDT
VANDERLEI BENATTI DA SILVA,22000,PREFEITO,87,MDB
MARQUES ALVES PORTO,21937,PREFEITO,1591,DEM
OCLAIR MARTINS DE ANDRADE,21768.29,PREFEITO,448,PSL
UBIRAJARA DE LIMA FERREIRA,21661,PREFEITO,264,PRTB
LUIZ ANTONIO DE TOLEDO CABRAL JUNIOR,21600,PREFEITO,79,PSD
ANA PAULA SOARES DOURADO,21501.7,PREFEITO,1702,DEM
KELLY CRISTINA GONÇALVES,21400,PREFEITO,184,PT
ROBERTO WILLIAN LUCY,21400,PREFEITO,1044,DEM
FABIO FRANCISCO REGES,21299.71,PREFEITO,777,PTC
LIOMAR JOSE DE FARIA,21291.6,PREFEITO,342,PSL
PAULO ROBERTO FERNANDES BRITO,21200,PREFEITO,49,PL
WILSON RIBEIRO PÓVOA,21188.65,PREFEITO,3,PSL
JOÃO BATISTA DAVI RIOS,21072.5,PREFEITO,1899,PDT
VALMIR FERREIRA DA CONCEIÇÃO,20898.45,PREFEITO,130,PATRIOTA
FRANCISCO DE ASSIS SOARES LIMA,20750,PREFEITO,462,PT
HEMERSON BORGES GONTIJO,20721.800000000003,PREFEITO,277,PSDB
MARCUS VINICIUS RODRIGUES SOUZA LINO,20330,PREFEITO,345,MDB
RENATO BATISTA DA SILVA,20186.25,PREFEITO,1077,MDB
UELSON NARCISO DIAS,20146.5,PREFEITO,397,PT
INACIO LOIOLA DE OLIVEIRA JUNIOR,20016.95,PREFEITO,397,PDT
ARMANDO CARDAQUIS DE ATHAIDES,20000,PREFEITO,13,PDT
DIORIVAN PEREIRA ROSA,20000,PREFEITO,107,PSB
ELIES ALVES PINTO,20000,PREFEITO,470,PDT
FRANCISCA ABADIA DE RESENDE,20000,PREFEITO,176,PSB
JANE BATISTA DA SILVA,20000,PREFEITO,29,MDB
MARCIO CARDOSO DA SILVA,20000,PREFEITO,87,PDT
UARLHE SILVA SIQUEIRA,20000,PREFEITO,27,PSD
WILLIAM AZEVEDO DOS SANTOS,20000,PREFEITO,11,PDT
LUIZ JOSE DA SILVA,19910,PREFEITO,2612,DEM
WESLEY BARBOSA DE OLIVEIRA,19530,PREFEITO,205,PL
OSMAR GUILHERME SILVA,19429.7,PREFEITO,146,PSOL
JORDENI ASSIS DA SILVA,19357,PREFEITO,127,PC do B
IVAN DA COSTA,18750,PREFEITO,130,PRTB
DOUGLAS RODRIGUES CARVALHO,18702,PREFEITO,519,PSOL
MANOEL BARBOSA GONCALVES,18262,PREFEITO,164,PSOL
BIRACY ANTONIO CAMARGO,18031.2,PREFEITO,432,REDE
WILLIAN XAVIER MACHADO,17880,PREFEITO,106,DEM
VALDIR INACIO DO PRADO,17834,PREFEITO,561,PP
ADEMILSON ANTONIO DA COSTA,17249.71,PREFEITO,671,DEM
DIOGO RODRIGUES DE SOUSA,17154.760000000002,PREFEITO,1723,PTB
ANGELO NATAL DA PAZ,17000,PREFEITO,1353,DEM
CLAUDIONOR RODRIGUES COELHO,17000,PREFEITO,1040,SOLIDARIEDADE
DONIZETE APARECIDO DA SILVA,17000,PREFEITO,214,PP
MATEUS ANTÔNIO DA COSTA BARBOSA,16980,PREFEITO,2724,SOLIDARIEDADE
DENES ANTONIO TAVEIRA DE SOUSA,16763.1,PREFEITO,266,PRTB
CRISTIANO QUINTINO SOARES,16690,PREFEITO,294,AVANTE
THIAGO FERNANDO NUNES DE CARVALHO,16550,PREFEITO,931,DEM
BRUNO FELIPE DE SOUZA MOURA,16466.68,PREFEITO,2395,PSOL
MARCELO FERNANDO RANULFO,16338.58,PREFEITO,46,PV
WELLISLLEI JOSE DA ROCHA,16000,PREFEITO,897,MDB
LEONARDO PEREIRA DOS SANTOS,15695,PREFEITO,441,CIDADANIA
ADEDY DE SOUSA ALVES SANTANA,15369.2,PREFEITO,326,SOLIDARIEDADE
FERNANDO RODRIGUES VIEIRA MARTINS,15302.25,PREFEITO,246,PATRIOTA
CLEIDE APARECIDA VELOSO DA COSTA,15100,PREFEITO,84,DEM
JOSE CARLOS DA SILVA ROSA,15000,PREFEITO,153,PSB
LUIZ ANTONIO DAS DORES,14744.76,PREFEITO,55,PT
ANTONIO LUIZ GONZAGA,14421.349999999999,PREFEITO,75,PT
OTACILIO DE PAULA NOVAES,14300,PREFEITO,94,PATRIOTA
ERASMO RIBEIRO GONÇALVES,13992,PREFEITO,478,CIDADANIA
MARCLEY JANIO GALDINO REIS,13288,PREFEITO,39,CIDADANIA
ANTÔNIO RUBENS FERNANDES,13242.45,PREFEITO,36,PT
WABER JOAQUIM DE OLIVEIRA,13175,PREFEITO,182,PSC
REGINALDO COSTA SANTOS,12860,PREFEITO,102,PROS
GASPAR ALVES DE SOUZA,12500,PREFEITO,98,PL
ADÃO CARLOS PEREIRA DA SILVA,12300,PREFEITO,210,PT
CLÉZIO CAMPOS DA COSTA,12250,PREFEITO,112,PTB
EDER DOS PASSOS PEREIRA,12200,PREFEITO,272,DEM
SÉRGIO DE SOUZA FERREIRA,12000,PREFEITO,150,PRTB
HELITOM ROBINS DIAS DE CASTRO,11740,PREFEITO,69,MDB
DANILO ALVES CAETANO,11350,PREFEITO,99,REPUBLICANOS
ADRIANO DE ARAÚJO,11100,PREFEITO,1390,PSB
FABIO ANTONIO DE OLIVEIRA JUNIOR,10623.55,PREFEITO,1052,UP
ACILIO ALVES DE AMORIM JUNIOR,10414.35,PREFEITO,478,DEM
ELANE APARECIDA GARCIA LEÃO CORREA,10161.78,PREFEITO,1147,PROS
WANDER CARDOSO TERRA,10115,PREFEITO,115,MDB
GERALDO ANTÔNIO CAVALCANTI,10014,PREFEITO,286,DEM
DAVID TEODORO BATISTA,10000,PREFEITO,578,PSDB
MARBENIO RABELO DE SOUSA,10000,PREFEITO,16,PT
ODAIR OLEGARIO DE LIMA,10000,PREFEITO,17,PT
OSANO JOAQUIM DA SILVA JUNIOR,10000,PREFEITO,64,PROS
OTON ALVES AGUIAR,10000,PREFEITO,357,MDB
PEDRO SEABRA GUIMARÃES,10000,PREFEITO,31,AVANTE
VALDELAN PEREIRA DE ARAÚJO,10000,PREFEITO,1,PSL
WELTON DIVINO DAS DORES DE SOUSA,10000,PREFEITO,44,PT
OTACILIO GOMES DE MORAIS,9949.5,PREFEITO,110,PODE
GARIBALDO FERREIRA DE SANTANA NETO,9900,PREFEITO,245,PSC
ALBERTO PAULO CORDEIRO,9200,PREFEITO,198,PRTB
MACIEL PAIM DE OLIVEIRA,8399,PREFEITO,312,PROS
ALTAMIRO RAJÃO,8000,PREFEITO,76,PATRIOTA
IVAN GOMES JARDIM,7940,PREFEITO,56,PSB
SILVIO JOSÉ VIDAL,7530,PREFEITO,191,CIDADANIA
MARCILENE LIMA DE SOUZA,7451.75,PREFEITO,237,CIDADANIA
HELDER RODRIGUES DE SOUZA,7000,PREFEITO,74,PSB
VALDEIR REZENDE,6489,PREFEITO,178,PATRIOTA
SEVERINO ANAILSON SOBRINHO,6450,PREFEITO,32,PP
JOSMAR DOS SANTOS MOURA,6030,PREFEITO,616,PRTB
ALESSANDRO ALVES DE MOURA,5800,PREFEITO,90,DC
PAULO SILVA GOMES,5398.55,PREFEITO,125,PODE
DILVAM MARQUES COSTA,5000,PREFEITO,49,PODE
FREDSON CRUZ SILVA,5000,PREFEITO,25,REDE
CARLOS CESAR BATISTA DE SOUZA,4450.07,PREFEITO,374,PRTB
RAIMUNDO NONATO DE CASTRO NETO,4200,PREFEITO,492,PRTB
JAIR FERREIRA DE SANTANA,4090,PREFEITO,163,PRTB
JOVELINO RIBEIRO DA SILVA,3912.61,PREFEITO,385,PODE
JOÃO BATISTA DE OLIVEIRA,3196.33,PREFEITO,217,PC do B
JOÃO BATISTA DE OLIVEIRA,3116,PREFEITO,217,PSB
JAIR PEREIRA DA SILVA,3090,PREFEITO,1050,PSDB
RONALDO DO NASCIMENTO LIMA,3080,PREFEITO,11,PRTB
MARCOS ANDREI DE MORAES BARRA,3050,PREFEITO,43,PSC
DJALMA GOMES DA SILVA,2912.35,PREFEITO,2235,PL
ADEMIR CANDIDO DA COSTA,2805,PREFEITO,68,SOLIDARIEDADE
VALCILEI ANTONIO VICENTE,2709,PREFEITO,210,DEM
JOÃO BATISTA DE OLIVEIRA,2287.0099999999998,PREFEITO,217,PSL
FRANCISCO SULA DE ARAUJO,1810,PREFEITO,208,PMN
JOÃO BATISTA DA SILVA,1796.3,PREFEITO,19,PMB
JOÃO BATISTA GOMES,1622,PREFEITO,1131,PODE
JOÃO BATISTA DE OLIVEIRA,1600,PREFEITO,217,PROS
BELMIRO ALVES RODRIGUES,1534,PREFEITO,787,DEM
JOÃO BATISTA DE OLIVEIRA,1252,PREFEITO,217,CIDADANIA
ZENON ANDRADE DE ARRUDA,1200,PREFEITO,145,PDT
VINÍCIUS GOMES DA PAIXÃO,1000,PREFEITO,87,PCO
JOSÉ ANTÔNIO DA SILVA,827.5,PREFEITO,1338,MDB
JOÃO BATISTA DA SILVA,698.6,PREFEITO,19,PT
WILMAR FERREIRA DA SILVA,670.8,PREFEITO,1325,PODE
CARLOS DE SOUSA MIRANDA,500,PREFEITO,89,PSC
TACIMAR FERREIRA DE LIMA,441.95,PREFEITO,247,PMN
JOÃO BATISTA DA SILVA,400,PREFEITO,19,SOLIDARIEDADE
